<?xml version="1.0" encoding="UTF-8"?>
<project-private xmlns="http://www.netbeans.org/ns/project-private/1">
    <editor-bookmarks xmlns="http://www.netbeans.org/ns/editor-bookmarks/2" lastBookmarkId="0"/>
    <open-files xmlns="http://www.netbeans.org/ns/projectui-open-files/2">
        <group>
            <file>file:/home/kiradja/NetBeansProjects/jmonkeyengine.jbullet/src/module-info.java</file>
            <file>file:/home/kiradja/NetBeansProjects/jmonkeyengine.jbullet/src/com/bulletphysics/util/ObjectArrayList.java</file>
            <file>file:/home/kiradja/NetBeansProjects/jmonkeyengine.jbullet/src/javax/vecmath/AxisAngle4d.java</file>
            <file>file:/home/kiradja/NetBeansProjects/jmonkeyengine.jbullet/src/com/bulletphysics/linearmath/MiscUtil.java</file>
            <file>file:/home/kiradja/NetBeansProjects/jmonkeyengine.jbullet/src/com/bulletphysics/linearmath/Transform.java</file>
        </group>
    </open-files>
</project-private>
